{"cameraMode":{"drawMode":0,"name":"Shaded","section":"Shading Mode"},"sceneLighting":true,"audioPlay":false,"sceneViewState":{"m_AlwaysRefresh":false,"showFog":true,"showSkybox":true,"showFlares":true,"showImageEffects":true,"showParticleSystems":true,"showVisualEffectGraphs":true,"m_FxEnabled":true},"in2DMode":false,"pivot":{"x":68.36514282226563,"y":15.83129596710205,"z":112.3034896850586},"rotation":{"x":0.12749604880809785,"y":-0.18775707483291627,"z":0.024583542719483377,"w":0.9736191630363464},"size":9.959541320800782,"orthographic":false}